x1,x2,x3,x4,target
-0.7853514777450747,-0.8823940486121127,-0.5913293164603369,-2.4552676602823014,0
-0.7532459495361077,0.8908321279095499,0.9344143357477427,-0.6742668177531762,1
-0.8026010838579756,1.5460446196532145,-1.140013606025282,0.7415858148235112,1
0.8097879085084253,1.6927077597932547,-0.038934261089600485,-0.5160816533924233,1
0.9233449264323689,-0.689634950148346,-0.8661957580179904,1.828142645995724,1
0.6436102667369846,0.7749916841101122,-0.8199434198471889,-1.1139908172517248,1
-1.1571189310378183,0.4345334293633494,-0.8507662827790423,0.08540129918596309,0
-2.2656068594022876,-1.143491749491701,1.766442088082356,1.0838917724456893,1
-0.3792645981343093,-1.5680161982980863,0.6637807520254911,-0.31811383226832474,1
-0.418415995248353,-0.8962998065761649,-2.3446826520492663,-0.24428960090099291,1
-0.202702465888109,-0.7206942690296898,2.0719404596562803,-0.5131135044474876,1
0.0038196942889468424,-0.22693955157534085,0.3095030069474249,-0.5817282319391042,0
-0.9057156774916708,1.0993919434176955,1.4301047815782215,0.6137953942247254,0
-1.3502775261704907,1.1653159572883662,0.8550504221320545,1.4507185430845806,1
0.7689507762483468,1.136616113194358,0.4789836997860548,-0.21155259434852972,1
-0.5869630073787404,0.8325827212743371,1.479798927424884,-0.21717819712520406,1
1.43940229953392,-1.1535963553513293,1.9555166208198214,0.028012572993889356,1
0.07142731933609062,0.9682307417833126,0.2044250188323568,-2.4071847532337722,0
-1.0273222835151798,4.240885264839349e-06,-0.09157530622155194,-0.3567052783358226,0
-0.9570477422925432,-0.419515624770871,-0.22218858133670819,-0.922805203768109,0
-0.12252859463181176,0.7329404433943597,-0.7422762542463011,1.785286688355728,1
0.2027288214476192,0.008595260549931986,-0.5113297978075887,-0.03548702154560995,1
-0.3847507588931576,-0.15547598988156341,-0.9357014475331203,-1.5941669537649947,0
0.2821148377650812,-0.2137183681687951,0.6918678344464686,-0.7366385979708283,1
0.3550786291813762,-0.20353023715996757,-1.7395546814471083,-0.344273464868027,1
-0.20100682961651412,-0.5978694801525042,-0.6446504815381294,0.1577657078165088,1
0.662596106372793,1.5172976321052998,0.682824436456378,0.7470867958133312,0
0.3042549681800523,-0.8420444662474912,-0.27883841336041065,1.034783358189619,0
-0.743572650618197,-1.1007708982977487,-1.061270847895694,1.7447996414152982,1
-0.23498276052441006,-1.3278923008735104,-0.5478341033499887,1.3197844326699868,1
0.6566203769066045,-0.20947090617118713,-0.4684177426500318,-0.7770964433717568,0
-0.9475670928136545,-1.0225817709945906,0.5590037271689045,0.7746992690946265,1
-0.057257206105573215,-1.5297573665863933,1.4706913013865968,0.10197261169373577,1
-0.0003227545751354775,0.0691099316634106,0.2404939162788899,-0.9886177304811511,0
-0.6852661029341813,-0.22528113668505753,0.38701503478973653,0.555314372300534,0
-2.0375858612693842,1.331717209937783,-0.45624468821376174,2.470253853435072,1
1.1124026915394407,1.290301800987142,-0.806172198448171,-0.00604245069466663,0
1.4555224066291153,-0.010849558471883368,-0.14950204128657937,-1.3963321487553932,0
-2.8318664783242027,0.5745674762715811,0.09936102775557461,0.2786693514853201,0
-1.21283337756784,0.48148694158256655,-1.3021965250154786,-1.2454782903663668,1
-0.17416444378775267,1.0226367816103845,1.464315894578963,-0.11383384430764182,0
-0.7403942370523714,-0.6012857822616149,-0.33054370436263747,1.372094109354295,1
0.6741302476518864,-0.4148824592616902,0.6308115640252305,0.4994094143153353,1
0.13687988714214358,0.9547995061247397,0.99704917699101,-1.2441147112026898,0
0.3542179234033852,-0.36249343073979284,-1.2027771760166968,1.3455567897343685,1
1.4272364680151879,-1.0679684350761807,0.6169800765371076,1.8277750647848563,1
1.3062248187517957,-0.5008554327221492,0.32827389326553263,1.4640418875715127,1
1.9252686500046072,0.11027934997411497,1.2781739062808142,0.00799863856573889,1
-1.1961471262592651,-1.7223155781650366,0.2996394260634547,0.6155096949125849,1
0.16644798385120366,0.9779229495366044,-1.5412321928575448,-0.6125233564132794,0
1.788333878344137,0.28311470046432585,0.06215072140646518,-0.9235987131081456,0
0.48063913341258907,-1.0182746179817161,-0.23671798117973247,0.8619867659519033,1
1.4915515675536009,0.5698064480905638,-1.2343662113414435,0.6461568936014739,1
1.3214663607921087,0.4622827949910575,0.04947213103914813,0.8200463227548913,0
0.17134473010202997,-1.5579927141298084,0.35088150291554004,-2.075945877078114,0
0.07209860978320856,0.1434164347792341,0.42711577435646053,-0.09853108371888274,0
0.052842536384962245,0.5366482325159743,0.30641329956852836,-1.7840227765768601,0
-0.38983219974846767,0.9276931036431967,-0.04131964414789978,-1.2551441927275744,0
1.0986325094980507,-1.2316716793486715,0.8134820029440663,0.20951797259690014,0
-0.6999044170877851,1.1797136424102943,-0.5521128615022058,-0.0987263660841753,0
-0.5962890550766453,1.5168142740599426,0.41218038614184854,2.2828138690544155,1
0.47370003151483026,-1.386861181385825,0.036993375998972976,-0.07217801937537066,0
-0.12340314777780567,0.4315632729972595,1.482873550039032,-1.4530050123148972,0
-0.3187265803258982,1.2252909529952023,0.003998714724041959,-1.1281133379368122,0
0.6088878200418759,-0.4891826181889427,0.3699055881389873,1.0316139822079773,1
0.07481487447966648,1.1059753775459957,0.39125203299830996,1.711375175976195,1
-0.9634239192892476,1.2126880446214368,-0.13395381189033628,0.7823757350261816,0
1.8331829984768435,-0.4521095567412779,0.09706359024426013,0.05191225347131964,1
1.1574335710889045,0.9060587293697975,-0.24418912236511903,0.6519025051015235,0
-2.4055570629005683,-0.472223016093179,-2.481246400812011,1.0474233187766986,1
-0.41426811785456286,1.1862100607259802,-0.6797455468720944,0.0847568147516825,1
1.01912640251449,-0.8794754396415632,-0.8383501352941667,-0.8914828257151944,0
-0.44126655715691354,0.38865365238596167,1.1636525626915333,-1.5604648433188952,0
-1.1924682483563693,-0.8655908258059897,-0.22953754746800664,-1.1472102813606542,1
1.4848430607107468,-0.5759265292705814,-1.1535429342706434,-0.16310651518581543,1
-0.21827647605200254,1.1123950921440864,0.7640356445571646,-0.8139980200079765,1
0.9070655942198751,1.784970695104265,-0.8252491206157817,0.3587012782541242,1
-0.41332391818150455,1.6230900021478205,-0.8679990984866218,-2.020414680399204,0
0.2969557304085142,0.41290326981774544,-0.93801092436121,-1.9697766718009235,0
1.5677128053321352,0.3373721163958272,-1.6481363557265531,-0.5261740979527942,1
-1.3054090088904218,-0.7664391285922996,-0.05442532875011257,0.17414487604168713,0
-1.9481970369893644,-0.274010161884982,0.027304010973622592,-1.3227195954431732,0
0.5964945358060979,0.644806277703485,0.5239227538362354,1.3384520528885664,1
0.7498543093303323,0.4436154039732692,-1.2930063163628076,1.355035462616891,1
0.31772912029338224,0.7123165243532358,0.6462139461039421,1.8367328545303345,1
1.211538787131071,-0.028795442986150454,0.007700795679316297,0.9662812279478986,1
-0.9786406389940039,-0.7489066704643494,-1.7431009694946586,1.034781694469602,1
-0.20674306554279662,-1.5655871728986541,-1.319812057299357,0.5787614957171198,1
0.9888330661033858,-0.34206280169957254,-0.10432183965486841,0.15425103449739877,1
-1.33032913035362,-0.11084214786435218,0.2028191470354334,0.3178053970169871,1
0.2062175905907111,-0.0496298421053663,-0.19842252834561322,0.443626690175991,1
-0.17190969765216835,0.06536093360246933,-0.13513253040700765,-0.2663911389409979,0
0.6288686230308365,2.0616268098171857,-1.0705769695907768,0.5004327727398984,1
0.020910120449410957,-0.6220887699338642,0.4322119664569454,-1.72318400464275,0
-1.267707914200943,0.516020457614256,0.4689644928343143,0.08693170573520775,0
0.6098061022390455,0.39518982418513393,-1.0887693860247136,0.19560941735476903,1
-0.8847394914047487,1.92050551033265,-0.8069394824750598,-0.6654287451543404,0
0.421214338896796,0.8347741440081868,-0.206845450310942,1.3475523416919217,1
-0.8534021191475327,1.627288031871605,-1.5835265880445943,-1.8668362611260607,0
0.37544521216662347,-0.17742945558912154,0.2907424682299574,0.15369458084801874,0
0.9826883250685389,-2.751156179374075,0.7642046819058538,-0.3878984479486777,1
0.6962589307494593,-1.4378830537368845,-1.3273915512045356,-0.654270266707594,1
0.07280885054150184,-0.16769141099701285,-1.3484009331031686,-0.7585274869606589,1
-1.013514438043414,0.21401048578705642,0.7355821159836569,-1.880560174017844,1
-0.8189813502329836,0.3315433070360629,-0.5223749002310323,0.048133553803601896,0
-0.23291480470400083,2.0718782716840285,-0.8456173221118357,-0.19874168769453357,0
0.16672015937254073,-1.2607897103797583,-0.2337315957531846,1.0910036682891269,1
-0.04414310817661723,-0.5775731611465117,-0.5672485988010855,0.9610332037022081,0
0.052823308242745066,-0.02783888341755627,-0.7026525182416337,-0.658885762446745,1
-0.7081890762080231,-0.15318246997138335,-0.06703052366700893,-0.618480512416964,0
-0.4173603340916501,1.6909133591962018,0.6687017398484583,-0.020863392423226473,1
-0.552551717399106,-0.40106884836055057,0.9726058637592923,1.1782450949606766,1
-0.7123778830621541,0.7114616023217749,-2.6272629783643002,-0.46447058308703876,0
-0.3718381072515878,0.8840413056810712,-0.11340724648131906,0.9624737163501719,1
1.1249937524827214,2.9015336746050306,-1.1957429478044255,-0.5090102557681908,1
0.3546124715295658,-1.5721847045005337,0.33494543079606603,0.36329071866586027,0
-0.590690827686477,-0.2315749557531958,0.1513319866877741,0.8499734057942987,1
0.42571471284593554,1.7515318974753509,-0.3039758009904511,0.18302459666413912,1
-2.1562517404334485,-1.2692787436635007,-0.9690726267311283,-0.14879885618164565,0
-2.645040495298018,0.45390273195832875,1.0742067499191965,0.4442571506743659,0
0.3961331047554077,-1.6216034094565785,-0.3226308686001096,0.4116300506580759,1
0.40752325726353605,1.258159600042893,-0.1658530937213764,-1.0738702019721769,1
-0.9837504330527774,0.177135032826174,-0.8671572026685457,-0.5699795756612701,0
-1.4336880416150066,1.7504725502822809,-0.9945679583188476,-1.2494958777747602,0
0.358691100112077,-0.2268404029701174,0.3486718809243628,0.23749050099171706,1
-0.9658557708660138,0.4651324876139579,-0.13397781311854418,0.254313487272669,1
-0.31147873864071474,0.30677992398429127,0.014688505146339131,0.680832822815228,1
-0.1212230820620039,-0.7706575980690046,-0.6132753525777431,1.1931043284894849,1
0.2730634640331383,0.5340846514623961,1.3431480516751941,0.8767936185168738,1
-1.2495449353416268,0.3128681036340864,-1.3329051312618612,0.18743259704331527,0
0.043879366505356045,-0.14744259524312267,1.4269968571479863,-1.401749093771013,0
0.08419518462671859,-0.08133830807056554,0.28872276409517533,-0.002161877458109155,0
0.3522731955574439,-1.424831344848532,0.4906813658900314,-0.9709564573431326,0
-0.19144608316063702,0.38169272106257973,-0.47919691856943497,-0.8337438760713122,0
-0.8004575555410856,0.6570737888540663,1.0883571554405798,-1.0381572799719674,0
0.061651596965496026,0.4131211460645213,-2.0832500476414655,1.0127030813778477,1
-1.8238061565173072,-2.060777842680229,-0.7818943178542642,0.2922937151218259,1
0.7047087237052791,-0.9031057334190258,0.2334010668742636,-0.03818225262788633,0
-0.1952795328591516,1.540743965965264,-0.25157353238155905,-0.8290455607136505,0
-1.5670021114201982,1.0815472999849574,-0.6267518626021563,1.451362335932404,1
-1.2797296868284673,-0.038883854328826156,1.7143614956865914,1.3848015870045474,1
0.259016901964786,-2.909828268714596,-1.6203304955891744,-1.2461263399311182,1
-0.7879003662889339,-0.4129952185635799,1.535976223442566,-0.03847135808172733,0
0.8895255853621562,0.810829068405944,-2.2842318411851146,-0.4122007551109699,1
-0.9059551103138253,0.3865171614852401,-0.243175671041598,0.7621018116926129,0
2.109098100398484,-1.3016519651502376,-0.8869775064907576,0.06981441137029427,1
1.004510329957736,-2.3104939793715835,-1.3182350745404272,-1.2622520011077805,1
0.6344110028890796,-0.20633446064778221,0.05097945990944016,-0.2953988531674942,0
0.4650366021445841,-0.9884195379993661,-0.8140178875145411,0.803587573456033,1
-0.6405071996621433,-1.1287651160298113,0.36091063280016483,0.11466790111289914,1
0.8298635694878477,0.2877911737613413,0.44309228376578336,1.3908106983287383,1
-1.185515186882403,-1.187006819381688,-1.2622657270063946,2.0732095652252056,1
-1.1280017317240232,-1.5562458191976873,-0.8068160441292633,0.7600393060092876,1
-0.06923480923533606,-0.27686573077095505,-0.3262657651424838,0.3172677032374359,0
-0.44229885677880526,0.13285181868763668,2.720895291167376,-0.24637010111031502,0
0.8436307374610792,-0.338510006731468,-0.3925977618033245,0.6266560265488729,1
0.8439233672842557,0.09665238041305213,0.7243826563383485,0.8871857134120678,1
1.0259571847944677,0.02201371817434949,2.5484585893346434,0.0534054643841137,0
-1.0255117601256603,0.12477020925014702,-0.43533685925509547,-1.1874311828098036,0
0.18939045026107185,-1.2523748706546454,-0.7089577619557215,1.1196943574417382,1
0.8512890800455867,-0.04689157651514191,1.0892489552590938,0.1291847165880703,1
-0.6069221614090687,-0.5393961080060176,-1.1381615182112572,-0.9463135746964011,0
0.3168535628418075,1.9492544110656578,-0.9387571993311029,0.02574632422008726,1
0.602198669268664,-0.9336730170167081,0.36040373040662005,0.9425801715588421,1
-0.4615150293753476,-1.0280058786714412,-1.5704136416316388,1.5379436326176683,1
-0.5770818133683506,-0.20393292960452294,-2.16257214093389,0.16270393521852541,0
-0.1633288434076559,-0.4084363159543434,-0.8833715380967945,0.5953871540857985,0
0.037689798584403224,-1.3679166646553957,0.0006051236959224533,0.7376631481044076,0
-1.4972389503520744,1.010879029664054,1.3476455593016143,-0.49975893829963625,0
-0.22115336182421141,1.7913967090622605,0.23084451387761704,1.8329986649764756,1
0.4938031267572677,1.043472526455385,0.6810124925090443,-3.2323924447352175,0
0.3263074338745578,1.239424571313275,-0.4438360847317593,0.3376037919585413,0
0.6496910133336969,-1.9112470288130756,0.4457880115828012,0.2868087672828513,1
-1.3456727768892602,-0.6841786769828714,0.34187133427447053,0.5784487117265708,0
-0.0604964900123088,0.5513179739260902,0.265176683902165,1.227041913596189,1
-0.6504625929343315,1.0251280265023894,-0.31763621979653694,0.5830245703972406,0
0.8577327229848145,-0.7740690592267923,-0.2546913021153645,0.7906368858391496,1
1.104257452789765,1.3749542836799917,-1.0050894654372848,-0.3781093373025199,0
0.9169095354690371,0.7456538229529385,0.7687324820316469,-0.7802332576511263,0
-0.38817470785367025,0.659815555361898,-0.546068992696546,-1.182512694930864,0
1.227665479856684,0.5977509799661962,0.7642375114504587,-0.2841333293718335,0
-1.4594015986456934,0.21035955043440918,0.6295407671496307,0.4865665667985442,0
0.8227223759531576,0.1201694512604333,-0.6640148566821095,-0.29466134744092637,1
-0.7912563105612143,-0.30879172782919334,1.5274035503998153,-2.438784419342814,0
-0.4223986830185198,0.3048308991645363,0.2961225581489068,-1.436225090960789,0
-1.150250344847143,2.4941111539881513,-0.7655297593105477,0.5802384035287252,0
-0.5892598456682626,-0.7441382226849244,-2.7253123336362357,0.9552904951778631,0
0.017415195245739836,0.6022448617164983,-0.1599286939861914,-0.2836541838727468,1
0.9975231673050253,-0.9818072176799989,0.18401514319242349,-1.2619884930869123,0
-0.13509592194079204,-0.06194506027219535,-1.3278534391123835,-1.0146524911095816,0
2.137461003155976,-0.1046435297071765,-0.2848912608748225,-0.6933160801858084,1
-0.38080491815160467,0.46364028707208843,0.23503998746287555,-0.25457791090918486,0
-1.4385644840053053,-1.5369660468039434,-0.6997988898831621,-1.4933371403473141,0
-1.8325446934021783,-0.559107482127296,0.525288715532036,-0.17975819709798688,1
-0.446448131981324,-1.2293328046380603,0.4105617643316118,0.8540045127603227,1
0.5163712151577496,0.10610269255549487,0.06232393712822277,0.8904113633399847,1
1.5553864391277956,-0.9787333572083524,1.1052335463355611,1.478030097291473,1
-0.17890600269928916,0.5841066308102135,-1.674081520597833,0.48144610473204696,0
0.34895331317652367,-1.1539562129999363,2.428298889905178,-0.940496201959258,1
-0.059724256827030295,-0.5286331172668819,0.9418552311818847,0.9406970782411458,1
-1.2107868540676727,-1.2272521024465692,-0.3006402114252562,0.5692018835930304,1
1.2467074331796486,1.0576970310284424,1.6140864692551466,-0.5620285152367394,0
0.8544370965545626,1.4457512413649116,0.9343657636481802,0.04935455827291203,0
-0.9507539431959271,0.34191438102751726,0.3865938475599971,-0.11364583923346325,1
1.5627592705766613,0.022506984575734412,0.6186669068649395,0.7590395405141809,1
0.22791935331569474,0.4780969682408384,-1.0636439983245343,-0.4972382148537757,0
-0.29334631389138194,0.08421069196012973,-1.2786780273616283,2.0191390641349463,1
1.8155241435440084,-0.7857139707401818,-0.5645908567582514,-1.193120188180455,0
1.2650833688063297,0.6555319950543063,-1.5766145017897095,-0.6430378722810098,1
1.7741440369863983,-0.06807977999822264,0.08456413673633803,-0.7162364186857528,0
-1.0413766912996416,-0.47569149663267324,-1.1923830785540661,0.2816629286070283,1
1.6730179201520832,0.5756630675305277,1.355681121787518,-1.7728238492382484,0
-0.03575008053043676,-2.4749432278986196,1.0231141085676616,0.9076817387449189,1
0.02414761135681268,-0.5597915027726861,0.6139385965674633,-0.6553788143979209,0
0.4578549671125746,0.4502123613192262,3.2790989560619765,-2.393172163953746,1
0.9662482648427845,-1.6104703220167242,0.7692196953539711,-0.3451037865088255,1
-0.27646208181611254,1.8479278826546903,0.008747725996157179,-0.07980244344041162,0
0.7433461546515426,-0.7268547421314181,0.2589408041453366,-1.8756154196516666,0
-0.9944686155478055,-0.14147467285430732,-0.18934015587992048,-0.03240415137095832,1
0.24347466734076043,0.25360953635848665,0.9279618642566956,1.0775490714530294,0
-0.0764146921754018,0.0799613380716353,0.06290963013550616,0.6661843480240217,1
-1.042281590995125,-0.5016627563666218,-0.5858865361416207,0.34087073672648854,1
-0.7316126783871717,-1.0491348847937898,-0.2839940150640536,0.04389393033080566,0
-1.7499972620061077,-0.227310970600428,-1.7810473521473627,-0.48291722346069643,1
-0.4146060012816705,-2.312803108897402,0.42122543777196003,-0.617290861849019,0
0.523802369329406,0.14008438330154172,-0.202251179318106,0.8043172063585772,1
-0.027522721420854192,1.3327391921000638,-1.5700602610412204,0.5558018424638761,0
-0.4076752528441117,-1.1590822347459306,0.27555938220361564,0.019501693254908553,1
0.28322811179020185,0.47212591908071155,1.2414164958526746,-1.098091323502679,0
-0.9258813149600882,0.981764713792044,-0.6459775801940518,-1.3578553239064572,0
-0.3619680125849237,1.3098845888011554,-0.8814886020279032,0.28326060048652657,0
-0.5567612483733486,-0.9826962396995571,-0.29747237267176396,0.45588793597627575,0
-0.6524500311509461,0.008763762630836896,0.36461336445451964,0.3356875246055219,1
-0.3795869766838714,-1.742872192501541,0.3065159516228542,0.7443384435732487,0
0.6899170971431926,-0.4520404449305157,-0.9627122767028706,-1.2095036589660906,0
0.9786099094122723,-1.5716733610289793,0.015060466296642098,-0.043507987940491114,0
-0.0007104673009906703,-0.06668339375708467,-0.4892371277395162,0.9274057284864491,1
-0.3152080936679922,0.07473109074013658,-1.4984334269979105,1.1708915220538783,0
1.8515166800731793,-0.4804877361834658,-0.4103607010363535,0.5300809547825625,1
-0.7060473840369667,-0.6150460671609931,0.04179372983162,0.7319309960443303,0
0.579346206043701,0.11816914592282703,-0.2027839846823025,1.2580079103546102,1
-0.03904186028344936,-0.11161059632593777,-1.1123169705249458,-1.8238752815106645,0
-1.503575069285145,-1.4982752972516105,-1.1688839181732242,0.2501078138040171,0
0.23175320327782267,1.424183150773012,-0.9762438555724717,0.07019388592644045,0
1.6242082539603966,0.8757389014639134,-0.6070742756509707,-0.11688837523526004,0
0.37545747357422876,-0.7137551964591532,-0.8620095100958963,1.5199657336887127,1
-1.4441239720729673,0.20174137653445962,-0.4448402091194898,0.4108753587991645,1
0.47189091213387535,-1.314827339563913,-0.9193452252486375,0.9923667889771907,1
0.842817425325848,0.5752216476033866,0.5172924016911457,-0.036977038966496734,0
-0.18145229971561658,0.6843945791123687,0.5956795338823254,-0.8883259478272594,0
0.1137140454420778,-1.2441007476005654,-0.7441568280734657,-0.2773692105164195,1
1.3276127919709153,-0.5886190845186963,1.1638434145418803,-1.4805038549577707,0
0.9294348626858032,-0.367374291754214,0.33252483088743034,0.4927865397323018,1
-1.284231733007226,-0.13254800195387187,0.5946968578610315,0.05664849243663385,0
0.5277094633166662,2.2145469326596334,-0.12755807793414928,0.2995258243846747,0
-0.6455629434777548,-0.7114860807165423,-0.04590256880345363,0.38463575365887687,1
-0.0711702692223677,0.4240895610691274,1.474019486069063,0.38064105481868776,0
-0.12439864753311226,-0.7935974795698388,-0.7318384393038342,-1.6436960296318006,0
-1.836858274863472,-0.2554096410226514,2.374182882866195,-0.4798974860589495,0
0.2920586636130258,0.5382802280393543,-0.10867724619382356,0.21573297482109124,1
0.976484440005364,-0.4051930407949423,-1.0019248722995486,-1.0217929235884453,1
0.13064939110783205,0.026006536555364078,-0.8282502261755292,0.6640614389387681,1
0.419685595654964,-0.7789024072385431,-0.10267666861175663,-1.3707493636675043,0
-0.06248488455066649,-0.3928096019837244,-0.8723080239831137,-0.509353096609276,0
-1.1601808125492343,0.15139401196195582,0.7653251724023477,-0.33398746833425114,1
1.2258047819922893,0.11351702578291545,0.8416835707646152,0.11383836235194865,1
0.060879125292143295,0.26928378293079225,2.6529350143469426,-0.8641996286603274,0
0.3434151976171856,0.024623180388253986,-0.1124489617456332,1.236032516026092,1
0.20705882752898164,0.42164655063353845,-1.0498149240711445,0.28446894970205944,0
-0.07230343004312063,-1.2208822774534425,0.778200742195381,-1.3573316024266906,0
-1.174829578415744,0.4338070766051869,-0.8292849329906959,-1.104704507135676,0
0.3253092214278853,1.1394889666469488,0.16762964735717878,-0.5295491412823587,1
-0.22736273017804562,2.2318842723438066,-0.1033041499056391,-1.4790246643136422,0
-1.1478160831983009,-1.5227521465653135,-1.7569534778477296,-0.07536099925454007,0
0.12612034139229425,-0.28219778924349176,0.4644078366517418,0.9116618300622733,1
-1.4952793686511423,2.429682471024303,0.14733785568740318,0.7839092750540139,1
-0.5480349305423522,1.3198846090398197,0.5956407758280108,-0.15835110090029983,0
1.1268209932438416,-1.278293245112645,0.29904025336470125,1.7822811203386193,1
-0.391588563851811,1.0095780089181279,-1.357613093807312,-1.0596761951413083,0
-0.6677924859218296,-0.3143893400928591,1.518834448483579,-0.3456197783456889,0
0.6250566058085258,0.7614740556243521,1.4288836229783275,-1.4102876892105942,0
-2.014149522156433,0.25774501301179514,0.09708332209938975,-1.5399337017955985,0
-2.023045371284885,-0.49081362882724616,0.42397027691167144,-1.1343327121079074,0
-2.0777009442515344,0.43161777672766194,0.2196048934658735,-0.0640709253089059,1
1.5461403934331808,1.070950213094845,-0.05036042938235346,0.29114454124874783,1
-1.4818464896066208,-1.1455858714343028,0.10059041044496424,0.6060044700552775,1
-1.874413912563989,-2.055494270333218,0.48930558524755763,-0.506937147676175,0
0.6620474668961175,-0.414322576212704,1.592397559729945,-0.6046811184824735,0
-0.6384412404671755,0.28981201374389776,-0.144546875156176,-0.7982727823334576,0
-0.969847691144408,1.0194494734894546,-0.5364641695261755,2.12443386730114,1
0.44807270202901994,0.44840998173260926,-1.5157437776886429,-0.4434863925929305,0
-1.718226243820665,0.16030424016736888,-1.0207966059307327,0.29174153306130685,0
-0.8256931474748139,-0.6740034657921149,-0.49444145822286034,2.0211342195050896,1
1.2676310911916864,-1.9055009795597606,0.4655383248375968,-0.8097915172061826,0
-1.1774663782612387,-0.9006557659287054,-1.6686588984432167,1.136311126302012,1
-0.9028352561912487,-0.9147456099052933,-0.28339432773458006,1.7039299360503681,1
-0.2556142453995062,1.0815962167851054,1.591275487874955,-1.1330482816690575,0
-0.3287868341544423,-1.697192243905793,-0.20395900370443643,0.45586742228995863,0
-1.2406524099558767,0.31282366593890426,-0.6342378764379787,2.3866140521380133,1
-1.191144356342442,-1.754060347342613,1.0396582338872569,0.2237300859357613,1
1.840178444448676,-0.7678331611058252,0.1856631206686901,0.7270746069226299,1
-0.8855382978603442,-0.35333251666210236,0.13372838434231418,0.15766861012061975,1
0.9851499774943083,-0.016407521173181443,-0.31767229398052743,0.818312421127595,1
-1.0567202553175195,-0.2292935319442184,-0.8588470508375085,0.11818577754853904,0
0.1888306801587452,-0.3659884536151477,0.5745349681976838,-1.451389096655537,1
0.7519525393968444,1.6931003123954869,-0.25733608927252855,-0.135249298459738,0
-2.2343297297082985,-1.1345993739296503,-0.6035351557815238,0.11683098668593908,0
-1.3731458044828404,0.1935054132931262,0.45489868651887994,0.6179288908547992,0
0.49926530127604873,-1.710045192563386,-1.1732907333368154,0.16965092982682947,1
0.15740847384632323,0.017614983810799626,-2.0891735839198735,0.5894169892414622,0
0.3216891008786822,-0.13081685402392745,0.1750207694638097,0.30661846196668063,1
-1.2705937338213669,-0.969107421651066,-1.7574487199868862,-0.5053864444762894,1
0.7165159469222414,-0.3896953050402983,-0.4505879024705432,-0.5906507053562471,0
0.03944647258245853,0.7259020828157201,-0.17421618330199037,0.4497954176529062,1
1.731566946578444,-0.856165179722303,-2.418328193909707,0.4389135218528782,0
-0.27154137973754355,-1.4299036754657242,-0.5681083414294293,0.48955020767048674,1
-0.047583662586100986,-2.2902755104545087,0.8517013886810543,-0.19501467312178145,1
0.6002121939524325,0.12693474126433307,1.0529352574325481,-1.295566044409282,1
0.43942254946151066,1.174446187038459,1.343601590641926,0.6405025972094721,1
0.13796777042311498,-0.3270655435439742,-0.46093778433022825,1.3719863556378875,1
1.8616875264412434,0.8402269837029946,1.0856160452165986,-0.831808752223107,0
1.4515311040858696,-1.8560350314926939,-0.5113105764290284,-1.406660528911513,0
0.8995075991915157,-0.4964287467552573,1.3313501119202469,-2.095444923802384,0
0.42353522650220365,-1.4661388562541193,0.24229228865211405,0.9026981685060645,1
-1.5895565297600003,0.8348933127653653,1.410077457482863,-1.5908425891323783,0
-0.2078732195626564,-0.4246877766882059,-0.35985506084097685,-0.014169592662626873,1
1.513398385163355,-0.7269012054854728,-0.5892211615164348,-1.498900451862027,0
0.031050484942325984,0.3152929956065889,1.377989171708769,0.04975149958844935,1
2.4729233703800984,2.1717783393061785,-0.7708975670882691,0.29555721128970436,0
1.80345856754475,0.7086673171011644,0.9231783259337432,-0.5193277547699302,0
-1.6657535588744532,-0.6516413736030657,-0.7086783216726152,-1.1580542637155204,0
-0.5695281814708281,0.28452260837933885,0.6876216587675609,1.1840041031181558,1
-1.1428874976614352,-1.156188332599072,-1.900210862084009,0.050153553524907656,0
-3.2884460974968754,1.0642470065584941,-0.09579776022940227,-0.8318503679773624,0
-1.0460549724893298,-0.9674432427999062,0.4462822943043751,1.8421397618564543,0
-0.4274080731283132,-0.5333086787509693,0.5260473875346086,-1.1401633406135139,1
1.8216024712198169,1.1371131177799012,-1.0451825431769444,1.1036222079045064,1
0.20985341258407306,0.7737399384124004,-0.18590003927804186,-0.1286378175071532,1
0.3144439780947095,-0.6012055913404245,-0.575333526765171,-0.1963625575564813,0
0.16242828759767797,1.1157309670766866,0.43340706775606497,1.7134810677239012,0
-1.0647609684781978,-1.595255275162003,1.444987609882427,-0.21779346306605257,1
-0.824227927049718,-0.36506784053161845,1.295107661116099,-0.7698185796979811,0
1.3729037267857942,0.5728617858160889,0.8193828811478359,-1.0407351241693095,0
0.7875600766469082,-0.49080487493733405,-0.9333098114797668,-1.2180573210368264,1
1.0942361062618264,-0.3118715891059305,-0.25822666320118093,0.36033570009441424,1
-1.4346474873310913,-1.0414545312622623,0.24885022698142076,-1.3314947778924138,1
0.7972058151945791,0.4381836789081934,0.6821201099916023,1.9453891022261989,1
-0.15402131932625038,0.6707658412503643,-0.6572894579327021,-1.0661458732707483,0
0.11532765043443165,-0.5172596442473469,1.1547808686435599,0.626165036931626,1
0.7958482042413441,0.05595930486015423,1.8718588988416536,1.5246176907905369,1
-0.42461213898558864,-1.1177927689908138,-0.7445812196951399,-0.8645665780794184,1
-2.2088094483851157,2.3634716218741585,1.0831971668736937,0.19102690913676668,0
-0.28255272944728554,0.02548985655873098,-0.7037804267058196,0.8324822811471935,0
2.2207952660056307,1.249693314262594,0.6186749963395085,1.541686658626316,1
0.17662224035476726,-0.495379785260589,0.3866662029601534,0.8031170337684952,1
-0.30809322473539924,0.26964258468474,-0.07999480402808821,0.6699541400213169,1
0.6105474438090616,-1.7479717151678718,-0.6062776515172056,0.4902059866175228,1
-0.6299254329189,-0.8395284071428106,-0.08645157341353958,-0.7448165028484975,0
-1.1976294478591478,-0.19689881238904358,-0.12811858405183757,0.5565358842958477,1
-1.18209413343705,-0.18932823357723594,-1.5992625569207541,0.449349235315621,1
-0.46996316220877393,-0.8246471685888246,-0.7199772756049078,-0.07913061409170613,1
-1.193945895330439,-0.6728054804562833,-1.6209105480108181,0.25155132364161664,1
-0.4216161754946002,1.4327920990170688,0.5426596085606537,0.520658749325145,0
-1.0170331890441708,-0.30587190749667514,0.48758910834419056,-0.5429353432877941,1
1.6625719834949544,-0.5341094386700744,-1.158337292633329,0.9455859246467029,1
-0.8473242172797328,1.7181794340059549,-1.4358473324547736,0.6779337496734671,1
-1.6582217001244266,1.4825251584987331,1.3782023202089542,-1.043486974733084,0
0.34097805929975294,0.7389795487435811,0.1081307251053204,-1.2021358925553243,1
-0.0493269380911967,-0.02280640564504471,0.6981016200830713,0.38791182153504317,1
-1.8887113572613599,1.3093680696817762,-0.5528141724281981,0.8507354214872559,0
-0.025451484913589957,-0.09377735151625663,0.5348025881700129,0.6173638431816595,0
-0.6874709130679567,0.25578909404526123,0.5028652268317084,-0.4677183154127603,1
1.2230165069097891,-0.47731700536421656,-0.13284686842650312,-2.5387966106460227,0
-0.3341604670908825,0.8303988687140406,-0.35623760528894916,1.2531148679797341,1
-0.1795445203911326,0.9049177344844187,-0.3957591104398355,-0.6928672858045972,0
-0.8158953852634326,-0.9215659252247996,0.3439937597380329,-0.2347612063548308,0
-0.006040394260131743,0.4596008693869447,-0.737388024947345,-0.5845774214302679,0
-0.8621300589343194,-0.4358973754390394,1.794262898439285,-0.394174936844752,0
0.022041400784633694,0.29837254574044675,1.233020397424793,1.5812402915379764,0
-0.9790998225266845,-0.870279096431598,-0.5867613246919761,1.360534243932126,1
1.0771372729034412,-1.129637681929355,-0.01575241005556795,-0.3316273393599213,1
0.23065680766821486,-0.7464160423882976,-1.5962584410627632,-0.016134910280671957,0
-0.15708345400055024,2.9236625678215393,-1.0822178713455104,0.9461762721665028,0
1.6745694053971476,-0.8629899882474011,-1.0132411102209247,0.35776935796655035,1
-0.42659659533514804,1.1084167753411613,-0.23606312300488302,0.17043240968371626,0
1.3138076887399766,-0.6816143206656878,2.1462647671991824,1.6081404661163812,0
-0.8726272634102372,-1.5408234648916237,-2.1164435246999176,0.38586159658064206,1
0.2737212212932002,0.9611876540309582,0.9548845826323344,-1.0456289814655517,0
0.9637551298595982,0.13760218762116672,-0.3216026367903123,-0.10712391774828815,0
-0.4391536936111078,2.5842246997091944,-1.7724197672692015,-0.9623549698545466,0
-0.7534333263668747,-0.23610288305912613,-0.9125188596972448,0.1300723895976995,1
-0.7984232756207178,0.9024528847082736,-0.8021656191716932,-0.34829656544210286,0
0.8167317470100934,0.13098237998734225,1.7152414036467145,0.03073656682233302,1
-0.86632926184448,0.551839157943775,-0.1223541602514664,0.1820720156925158,1
0.6144509939212958,0.8147893952270041,0.948759673085813,0.21699694684634113,1
-0.711301489089976,1.2476999039670447,-1.152003592163324,1.1856106994556932,1
-0.3426163899286789,-0.2698979803355912,-0.2446749776972945,0.6528971924489659,1
2.1105682360358986,-1.2994435586313584,0.8786026187235132,-1.1472647222403003,0
-0.3733866057688871,-0.49091499521719467,0.7754857964653611,-0.6792530789287559,0
1.2924614274442359,0.1426509213572004,-0.8936983638295342,0.29349423774678307,1
1.3951464335764376,-0.025448139182072164,-0.24042789366856057,0.7297144064831437,0
0.584226344576922,-1.129662274622387,-0.12016174115598126,0.5942211661667769,1
-0.7341174870390341,0.5157867421228614,-1.6259275447362678,-1.017825846693712,0
2.5005909871237866,0.298292056814632,-0.07009456990093531,-1.61333118120971,0
0.6897365540043408,-0.3078019392368585,0.5918000462958357,0.9943265248797846,0
-1.1412600001716364,1.4419124017775053,0.9008071978440857,-0.4165977393676499,0
0.36515288775221594,-1.0634627022961174,-0.3641630712578456,-0.4366825913984112,0
-0.284331501343397,-0.011137545317972586,-1.0884168916021666,-1.5248949227225745,0
-1.1118627611814118,-0.3458153977760365,-1.4457340246485648,-0.3904592779318093,0
1.261858723606802,1.2437944527931748,0.6728776890372605,0.5922827969011981,1
0.7368927619781536,-0.13389828782575514,0.3109861380093952,-1.9892675894267287,0
-1.0156030834594232,-1.1680107914217215,-0.17426698023065568,0.33772622952178183,0
-0.5830401763891768,0.6212153587677574,0.6193364677393125,0.2256486627640262,1
0.35391698169168856,1.6386526160299053,-1.0234505967064174,0.5286545212794482,0
-0.5839258268488664,0.28033265922067285,-2.2622302547467714,1.1169529653559558,1
1.3336111695369017,1.553524893239041,0.8317442279010119,-0.23686353708564953,1
0.020986809966845862,-0.509349179193578,0.6100521781931822,0.10548915613818781,0
0.7155257338400788,0.6543650488780578,1.409756209185594,0.15900115045058957,1
-0.4441311985277014,0.11610182570755397,-0.9397661578532333,0.21601278026433274,1
-1.821472109051088,-0.47956549877995974,-0.8415211481966897,-0.32506318178393884,0
0.5201703614191011,0.7157871899625687,0.6977256115705258,-0.42324360486262014,1
-1.9185966505243717,-0.20859467202927862,-0.8292969129766816,0.7426753823068614,1
-0.1913898610274176,0.6578151923919905,-0.05059854756432971,2.882661282377987,0
-0.694203817498948,-1.1286372603184953,1.384578757813251,0.8171489276820607,1
0.09676394508148803,-0.541237982890338,1.5342222588810546,0.19920630476342294,0
-0.41401336913066655,1.181899492916193,1.461638434295548,0.2536375571311679,0
-0.5113526135351357,-0.5436989439704182,-0.025203831679020825,0.017841945312599788,1
1.2812138683496046,-1.3446472511945844,-0.6661873389090025,0.9449381071666182,1
-0.820206998235978,1.3543228679545296,0.5621864896308817,0.209137551922655,1
0.9342752644915063,0.2199134101158344,-0.9422321389541846,3.375302260534492,1
-0.6808433800312481,1.839613317167876,0.35606293273230344,0.8321870093113989,0
-0.7578375216492742,1.2427114163451094,-1.2411375805735905,-0.037069466313276754,0
0.8925759332840182,-0.4268078759391687,-0.9609207828969776,-2.7036527833005826,0
0.18766019597202102,-0.5985493497006952,0.8029062347760723,-0.4755516076258751,0
-0.6334076223724241,-0.4838633073315333,-0.03638478547819003,1.132216249313948,1
-0.10858204837016772,-0.9945627685878476,-1.3772977938934896,-0.5787702749506005,0
-1.8608706375074944,1.106822395976301,0.7568592931366193,-1.6591506770432172,0
-0.011270493695617065,-0.09526290709995355,-0.7280375212034088,-0.2450887964683355,1
1.4522935984578256,0.7729041604008396,-0.5172054614036433,0.17629186494923335,1
-0.27727222371647053,0.6307986877480009,2.015876348809797,-0.5270496384399137,0
1.2130387860655194,1.2503242167768986,-1.6571289991177574,-1.1023110615755078,0
-1.8370598349059197,-0.01342637654536876,-0.6619382018220483,-1.949594668260918,0
0.2671602216389418,0.3160339660065364,0.7809767604447624,0.6297294523171333,0
-0.2291575521727455,0.4829526998423853,-0.11875281952535319,0.19157251445649054,0
-0.37627104042535875,1.2424102376123243,-0.10875958509872671,1.0804484880580887,0
-0.6146519817523057,-0.21668585207463162,1.0301996692179358,0.9034928970331231,0
0.4570231989489666,1.9561431803533529,-1.6523697896814717,-0.01057351075638137,1
0.5327980093991568,-0.7959870365451804,-1.0535298358531349,-0.5626264193079024,0
-1.3226853088460109,-0.9501063765378651,1.2046410009512822,-2.1116301015085948,0
0.31634391264805695,1.6240008118291263,-1.255766437114641,-0.2937539688831343,0
0.38744091606389636,0.02334150810073904,-0.5284363906562687,-0.7795058818903919,0
-0.758519726560473,-1.6616969658504273,1.2047554908951976,0.2727399165413526,1
-0.7357513610463624,-1.0174336318196857,0.6694136316006757,-0.4829578356073423,0
-0.00025832887599868337,-0.9749237397436239,0.9838505780216174,-0.8016138569652896,0
-0.6039538640588042,-0.16016755710236882,-0.01850032115061516,0.28042055654411285,0
1.2267635495928606,0.7744643744927058,-0.8292428433093674,-0.2145778353141738,1
0.21177335436311057,-1.9594265091770793,0.0685387873491699,1.0771998851326998,1
-0.067023644228361,-0.8660243040328809,-1.6189840497820385,-0.2841069968808825,0
-0.42721448263435136,0.8826511657348288,-1.315119568490395,0.24409769987855662,0
-0.4561244889378927,-0.8558590219221756,0.35416472221776185,-0.14298987169716829,0
1.8857540407439255,1.4464003039024473,0.6189530639563179,-1.3995182935254988,0
0.49310150404035796,-1.6724295867781385,0.21918295734566196,-0.36104076143139213,0
0.6159270577920999,0.5755912835732581,0.5202141123969128,-0.6492947299155887,0
-0.5360291517651858,0.15954642752578632,0.628061288991095,-0.1261492251707944,0
1.1485409714220312,-0.0014690840050232492,-0.038567961101501735,-0.1446355712940092,0
-1.002716484540103,-0.8333068048859262,1.1354266135525821,0.17864839033331684,1
-0.3187827501065237,-0.22097731402824267,0.4287234588421925,0.06593047785745046,0
-1.241363366683984,0.856628232214232,0.8046649368309247,0.4372434078941235,0
0.8387915698207621,1.1084964529657806,0.023147711463394522,1.3294426020766563,1
1.8200983591149031,-0.5920011385162862,-0.02170339156985416,1.6443487672866715,1
0.29376721095502806,-0.2755909236347849,-0.40180037854874373,-0.014114790873032983,1
-1.2808220610604302,-0.893885273852383,0.03423065853021063,1.2444415833380023,1
0.7796156286970828,1.5878923049507638,1.0785252323952594,-2.476576265002235,0
1.0532842523861503,-1.1593682354718655,0.3760110833804379,0.23281031937631513,1
1.9065615615704825,0.6536780987862278,-0.7020169269329924,0.11334485239352277,0
-0.11328908565090653,0.655425238871807,-0.05782216106863542,0.1968495768367354,0
1.2350033200712667,0.8233371740176133,1.1824502541348991,-0.08012677529547768,0
0.09684291508894464,0.6839651226061801,2.363574584992591,1.6851756914636418,1
1.3175552949322908,0.24466587815188645,1.8460748150963435,-0.546369225804425,0
-0.2958901680018755,-1.0451083336620202,0.13272291379806964,-0.5071003451930834,0
1.0054584204977757,0.7077558571345478,-1.786654763672891,-0.11629013953151385,0
-0.42621927975913265,0.8906997815145556,1.3874179248450556,0.8964975097151748,1
-0.1107280949141759,0.3172432263815293,-0.0856039099311069,0.6276544658058263,1
-1.2012441138909467,-0.408853792161054,1.1336118330655023,0.6704335623539996,1
0.6868536873690548,1.7738318973739418,-0.8015478061428418,-0.5458661446066727,1
1.4527082296950151,1.0190397633409556,-2.040010142701352,0.5327846277108669,0
1.1839582818369179,0.9077412963551111,-1.9276321380227857,-0.7238462940238125,0
-1.624762968891948,-0.1980546648864202,2.1559429093752622,-0.4097865963759452,0
-0.740537816501606,-0.4608457768065524,-1.123748163135731,1.047175637619727,1
-0.3249383429127085,-1.3356010265383893,-1.467467734248957,-2.1848764820210236,1
-0.7858621683515474,0.6167361171717395,1.3781433378507961,-0.03581642762034335,0
0.0704117325738467,0.03367770857668175,-0.28529579392520765,1.2962648995443216,1
0.011818178400355166,-1.1170969126895394,-1.2067407526303189,1.0145655138776901,0
1.122453270048488,0.48437788985680774,0.8129716958174422,-0.1372023709269172,0
0.0064389592671178185,0.5536397700386677,-1.620184802546065,-0.3375765838379495,0
0.4347522926485014,0.37811579864632033,-1.0409691407223725,2.3199592117425727,1
-0.7170630911757263,0.053269211018899844,1.5391857480790898,1.0513828677222659,1
-1.265501237116395,0.1632554945434165,-0.02265844830037997,0.5341772248426148,0
-0.06811179665964562,-0.38648217698539983,-1.8849794297177047,1.2554384512544372,1
-1.4769469861869864,1.768787536467167,-0.16816636858137815,-0.49476061773379487,0
-0.3944576031677848,0.061571512811041805,-0.10724956506665591,-0.4599188202194325,0
-1.6598742055026137,1.356758863888903,0.6981546667464806,-0.4150994056230718,0
0.5246932158777791,1.8239868346320132,1.3697040689706432,-0.16227975038416903,1
-1.3478996815005673,-0.45653600052372223,-0.7047636538007351,0.48368340377730634,1
-0.6588219247102856,-0.9642179829286907,-0.42429864176992527,1.1715408771869946,1
0.976497478921677,-0.07847569228583127,0.9144953589898225,-0.006654851340075625,1
0.919029559548856,1.0103101944238042,-0.8922054376758227,-0.4350724550651456,0
-1.8777872386174852,-0.6322743566491728,-1.2728840626312166,-0.05210625715108295,0
-1.3339197481349319,1.7278779682004577,-0.4620540371232546,0.4962183057688071,1
0.5758687364626563,0.1390725173674829,-0.1333640579116002,-0.7235072127640847,0
-0.7539847440611823,-0.03625377500826062,-0.595302089607153,0.15480448418739484,0
-0.29337161342310386,-0.49723728759585717,-0.3565428786040501,0.5761858084058906,1
-2.253562860992209,0.8352464642271983,0.42036209884240766,0.16853278272035135,0
-0.6190024329484988,0.29964327042395345,-1.137433493127608,0.0669193798627031,1
-1.6176606880687112,-1.8728389238326077,0.5100047452536686,-1.4206461869213909,0
0.15280782370851728,1.330167831692981,-0.25675708751648524,-1.2239312422696411,0
-0.13329448121231696,-1.5813748477741714,-0.7008969577332008,0.4446373164641881,0
-0.597209154398422,-0.019418323065113954,0.8954249338446751,0.6302606144216008,0
0.5299954894455622,0.5321243621866814,2.18113562564112,0.015614149987154697,0
-0.3175476913825225,-1.338304093359685,-0.7788804026073041,0.01639954149952465,0
0.0769064973727853,0.20144119298040467,-1.1039635981189184,0.4859629471088405,0
0.3943104851025773,0.950563312937106,1.8279418110075913,1.6024826441906506,1
1.4282974393403325,1.0135892445915335,-0.8562231666773008,-1.3812623353147295,0
0.1274511945160073,-1.5731564997150336,0.7797079552418554,1.8447977783008478,1
0.5438832628975576,0.02455883423384279,-1.5676894828374284,0.7908339922824823,0
-1.5286488087792756,0.10161608485668533,-0.71124081382692,-1.9016210530602295,0
-0.5122137450484227,0.21854586163757433,0.9979420711607414,0.026736114149989727,0
-1.831720283825402,-0.4648166151470279,0.3900182635415951,0.8503484278896005,0
-0.033178516365337654,-0.177183975792604,0.5901015946175026,0.13810708171164385,1
0.07322057470039439,-0.13727458351501293,-1.1429086860260644,0.3764018207993754,1
-1.5701999264991457,1.6432380823838135,1.2387775910683794,0.17220369019053733,0
0.3215802781151787,0.5116338776824185,-0.8841345481061542,0.5713175044031998,0
-0.11128472285540839,-0.3862083092545069,0.22016773434748585,-1.2822218971874288,1
0.2461198714673769,0.06800076698515646,1.0686584859370976,-0.5243828766688193,1
-0.15421344174447638,0.30541383288152457,0.018472637059874224,-0.1350393224754396,0
-0.6370297478308804,-0.0458935234294952,0.5147257289648787,-1.0263253205126093,1
-1.1083183234623932,-1.9777708301196681,0.6111768499825962,-0.04743711910259732,1
0.8296534065610915,-1.249149285248316,-0.7224758942632039,1.4623059014389967,1
-0.5341779890307796,-1.4313620574452528,0.9746975603811724,-0.3892276514178335,1
-1.234221768048646,-0.7610376880006594,0.6043613971700028,-0.12324452059584645,0
-0.05004325888068151,0.1889172752856566,-0.25201042599626167,1.0875641161975895,1
-0.6335555917080737,2.0374912473479827,-1.0001514847878843,-0.07793289085309031,0
1.5651748402289243,-0.7828883665250352,0.5070329156722475,-0.11664440471891946,1
1.3324508880719725,-1.1257913072741628,1.2762159037800105,1.1683989757159519,1
-0.73413491179387,-1.1885806450336738,0.7051355394646706,-0.5943115878164981,1
0.5367900161209805,-1.489550843964849,2.271987216695641,-1.0768224233043902,1
-1.2487874506576584,-1.0469955247034406,-0.1670050934953813,-0.06366186155160697,1
0.11132746847989468,1.5567792812710914,1.064190189016177,-1.0777552616981587,1
0.2014907917457389,-0.12081569447203479,-0.2035744358973044,0.36085408202114744,1
0.06978919070950405,0.24384288028633214,0.35851594362945843,-0.7327523666335266,1
0.6796707661079234,-0.9656162876054538,-0.3431313267215002,-0.6134042976552759,1
-0.3637816531969328,0.39810878414578,-0.007891987401525682,-0.34028704067950144,1
-1.2262714710347564,-1.319129691964803,0.47011215461221834,-0.6470138048854324,0
-1.3915454396681552,-0.6334006352335989,1.7410571686998362,-0.08423244829326722,0
-0.19764401247400137,0.1456291115251182,0.31628846843094116,-0.8584658092550936,0
-0.8201720084995994,-0.3196919976240415,1.3531722388884495,-1.717735302786212,0
0.653377319133499,0.8957115023556943,-0.10616574738842009,0.29729433557152485,0
1.4261790853053753,1.5695509010845863,0.5888412054806863,-0.4614168160904262,1
0.921738088162561,1.8738317934360964,0.2343228764942034,0.1941335844248436,0
1.0432655376229687,1.4765037265295302,-0.40764369441203246,0.30714264435988764,1
1.536599654764618,-0.21320228542643715,0.8094817971757191,0.860544824699483,1
0.09557085180797154,-0.27630068799987373,0.8746713534685704,0.13186732356589698,0
-0.7151378996590597,0.37587869400286206,-1.7834855138786383,2.044790218719412,1
1.6307391353503418,0.49689267553679295,-0.4703884992481519,-1.6935107377406264,0
-0.18997839867694777,-1.2659548132975902,1.029350710092619,-0.20828265425007095,1
0.6776568582664154,0.4458252086405873,0.7708399974423957,1.581283547910544,0
-0.8106739699597445,1.9377846111279264,-0.2910857186915738,-0.3581489683060608,1
0.4286733751512078,0.04618239705070016,-0.44800928430040493,-0.21340811589535194,0
0.7795642853502815,0.39018234462289814,0.00705117866407549,-1.3138416974428853,0
0.5404153177985924,-0.9158377588015103,0.7922868142197829,0.7472962893515862,1
0.11362189555646454,-0.8946974275730182,-0.2709636247388682,-0.07028984638498276,1
-1.1644270060528683,-0.852882536387598,0.6529882499694974,-0.24763797112838454,0
-0.22796796849575782,0.49946753295041363,0.0002606532747551246,-1.61985489682782,0
0.5218334342196934,-0.9702318013023193,0.18946159462676415,-0.04958471567451636,0
0.42286134131478487,-0.6156632353357235,1.002284534811751,-0.6356790314988866,1
2.6892050380654022,-0.8026790297667873,-0.25039866606867034,-0.7065587267227899,0
-1.1231489138304165,-0.7512629152775534,-0.2375946862105047,-1.2117158534779642,0
-0.27603083218217667,-0.25606544721357555,0.15922685966505096,-0.6652932667340119,0
1.0755511565664748,-1.669126100054264,0.16154842533796593,0.6438904034383417,1
0.7137958654908009,0.9318235559258089,-1.1774554512388782,1.4424349399011975,1
1.2021335082411693,0.6412867620790921,-0.13204117847609095,-2.0040178980293226,1
0.39971635362149266,-1.3273188008049954,0.1482761262026727,1.9198979101479325,1
0.24647116826390839,0.013881099161338251,0.2693243211339077,-1.322070607009627,0
-1.3723839841716168,-1.7964106752865738,0.14267109527156882,0.7468672480017965,1
-0.06583459455555629,0.9530670440761987,0.4720813421616058,-1.5266281271297626,0
-1.7752001082244322,1.2946402713505363,-2.3383532683973094,-0.43574644534084117,0
0.6300787207303257,-1.3243269118859187,0.7426188311461116,-0.8250111484049165,0
0.5452360866480864,0.05458529594035484,0.7975995602790604,0.4851769361993147,1
0.3808992283409077,-0.8202426283427008,0.481900344352192,-1.2176687610830852,0
-0.9296393321129067,1.0740141134484245,-0.7723117669771663,-0.9687385558660699,0
-0.3128324317751952,-0.5141539189474685,-1.4527621179981223,-0.35104703535901344,0
-0.934695146890877,-0.5344772585807117,-0.2777768197124536,-0.05231856176574733,0
-1.0622538920215354,-0.4974661099060891,-1.242066105998636,0.7654106083524215,0
0.18316526561162844,0.9651398624629561,0.8734965555481814,0.4128394260015607,1
0.9808604040307873,1.4910821150397624,-0.34343574462469845,-0.5068068604096446,0
-0.3681996856781678,1.9156774868628257,-1.6715966599989847,0.12957333774269972,0
0.13329011313201222,1.0860255588394092,-0.07165437126816025,0.618962811316761,0
0.04272832065389726,-1.3198802217952175,0.9513442374666041,0.16419211427130578,1
1.9653474687579013,0.5608682081326876,1.386031319073952,0.07359412400765272,0
-1.5445115246961312,-0.36141859151593053,-1.2848948044803468,-0.29380970138255,1
1.7492671041334091,-0.43744891388810203,0.283854583882376,0.958556235819821,1
1.434474459351117,0.5789066293061286,0.5288121676651315,0.1992905807989318,1
0.22160679391371219,-1.6565875846170448,-0.43614309122730743,-0.9509448191170881,1
-0.43403819344134426,-2.1808859659665143,1.143224451893199,-1.022897491784524,1
0.07617238245455825,-0.6949354440408104,-0.33741831339760064,-0.724333688813698,1
-1.5487109169338973,-0.047202171340441176,0.25684381762905234,-0.28818082993483407,0
-1.529914309462319,0.9298812644415738,-0.24564603456102355,-0.37753505759158523,0
1.3868660779269346,0.35868262760659064,-0.5832004397453969,-0.9689991169111646,1
0.4749883426699435,-0.9448128188936095,-1.1801821052305044,0.8774628929944783,1
-0.5752354363094835,-1.151907803443032,-0.04677780105502777,0.5109277226232246,1
-1.668628995024682,0.8485726787285088,-0.514968431701462,0.7674412738962123,1
0.25436849019216495,-1.5762699265693734,0.48883933076454805,0.17704762959865555,0
1.202008107262747,0.16663856993758852,-0.1849241591007836,0.15774692060168885,0
0.3038796561237896,-0.17066143357701222,-0.7247743812226919,-0.6044471650204631,0
-0.7303636638056809,-0.8154046476045466,1.4950954208877272,-0.8932750386158641,0
-1.2648522056318645,-0.9904292788613701,-1.321484454280164,-0.41546240006271007,1
-0.2609086740829744,-0.9942865117316795,-0.7350065170207349,0.060422415222293406,0
-0.18871730147206459,-0.06084800186846985,0.30071849548920904,-1.1171361706596683,0
0.9695061157684346,0.39615104102822124,0.8218154460024384,0.7485859588769076,1
0.21524843077665828,1.2411099092742321,0.9140802908808404,0.4128579716037099,0
1.7286919466949706,1.6992619414799421,-0.005965484474856813,0.2521242362315868,1
0.28025046609687604,-0.055648986850231154,-0.9557415763566179,-0.03162662823647897,1
0.8997763056594846,-0.9658449583133893,-0.11995312368191362,1.5492326957467417,1
0.03404697869987023,0.595134467594481,-1.0062917375371385,0.86532236038249,1
-0.9020722335536263,-1.4548464356276527,-0.9581767230025142,-1.673546780085747,0
1.4842968809783077,0.3069072897139256,0.7092201124789392,-1.2593370887840711,0
-1.446117279304193,0.6059246707799516,1.8379595002985354,1.9787160191643087,1
0.6742434629018986,0.38883239709526435,0.46974304040645565,1.3965059965781181,0
0.9330182329478289,-0.6338225481316,0.6072557730331329,-0.9942554427622587,0
-0.3525476463509028,1.5561733138883498,-0.8001930939738767,-0.7904530404683318,0
0.504851484867528,0.7392175167871337,0.18116014992776353,1.02504420983923,1
0.014645445963505536,-1.0405092741511732,-1.2442943822492045,2.445617755353383,1
-2.040827282438699,-0.5690342962007832,-0.5266028909658858,0.20109502392332662,0
-0.67947248078721,-0.5712530580077982,-0.985317938291916,0.5226396729561913,0
0.3892924837285172,-0.21374983123121652,-1.7958365760136685,0.21794989513888302,1
-0.7254894090741096,0.8666977751170234,-0.9437904963173863,0.4753327824097209,0
0.0070045142319111525,2.844109056858371,-0.14331875645908349,-1.640556343490638,0
-1.8565446137233168,-0.6560775942958265,0.21080139439843723,1.6919233921366634,1
-0.9590085620859817,0.8084095700198815,-0.42477248655082916,-0.007606132084190936,0
-1.6977030244355944,0.4612902356367614,-0.14944923143618033,1.4401421688833964,1
-1.9096882261871326,0.1747596218501575,0.9177960737603817,0.024698728671953784,0
0.6630216001478684,-0.3172213437582123,-0.846545347536458,1.5524591991860817,0
-0.4628165335716889,-0.6994221012230462,0.3837149672532127,-0.5882548627043301,0
0.550485829317608,0.16051024759933344,0.15156446202510943,-0.10163775009488192,0
-0.8072077728340197,0.02998292292412268,-2.0306985737465326,-0.2787310406777182,0
2.841684075319275,-0.9710432400234875,1.609874489162281,1.5608345590268933,1
1.2510186184989474,-0.45609843185764976,-0.4847873566861246,0.5112317526944019,1
-1.5078432983076804,-0.8823731929453023,0.1324751067852888,0.7250431447451212,0
2.082877911298382,0.8618593213652975,-0.044673201920058754,-0.942424047442432,0
-1.1249870140435392,-0.838195691534213,-1.4885156149940122,0.22708968270403673,1
0.9877204306483498,0.12291082516953655,-1.143614812245398,-0.3752115628756504,1
0.13647979527571752,-0.18575303947245123,-1.207036200484809,0.06064280575752296,1
0.47693840005237154,0.8573864294507924,1.0932724879902946,-2.6700705748932645,0
1.313137738952203,1.9211321765621778,-1.211938567699687,-0.22250120536350965,1
1.4852094377543064,1.2396581533590072,2.633767108395559,1.4615214900235713,0
-1.5340309550509796,-1.2500295534738066,0.20634859633104585,-1.8355164871794318,0
1.152455147582823,0.2765191614639807,-0.2848923507450156,1.8271737036531812,1
-0.6262183103066095,-1.2773866390822861,-0.18800074268572628,0.9664260566421514,1
-0.08148800446712849,-0.8570615719993516,0.7431777870812087,0.5904911452075289,0
0.6687508800523968,-0.2953289348862672,-0.7119060955577239,-1.1030005125420475,0
-0.012117132956990979,-1.2786194412605996,-0.24165550895255186,-0.06430774921365898,0
-1.1601932344533643,-0.6117428764582973,-1.193795054267872,-0.6344006397827399,0
0.8043450560091857,-0.35605504179928593,-0.07695597047421833,1.2214678341534169,1
-0.8359089726774722,-0.598332119066959,-1.8389763847618479,0.027160776831757105,1
0.30382221721132197,-0.6471158029070773,-0.22267097642382236,1.1789412861419608,1
0.42383129152074284,-1.1606169965587367,0.9153069982944372,-1.2880383239444875,0
1.1780429378876769,0.20707643762199707,-0.014718677632501743,0.8907476639807036,1
0.5198656160748036,1.8099946363459176,-1.2708360532105507,-0.700497985888416,0
0.3379844512854722,0.906320878200384,-0.03902104832549796,-0.1714021453858476,0
0.807112121890848,0.28651082536937145,0.6067471080662871,2.750257280807042,1
-1.2916377510635784,0.7774361661042536,-0.6704124158224507,0.18392964018818903,0
0.7668872932468154,-0.0028479307053054775,-1.6068952082555892,-1.7771352442438888,1
-0.8811683169439746,-1.933339740863821,-0.07965276000963818,0.6845842516951441,1
-0.7145891020868287,0.7543684931754072,-2.5234553400990607,-1.0509012691550268,0
-0.7114102301280215,0.4677539627919118,-0.8683862484012135,0.504985875859835,0
-0.1279156002774251,-0.7368664955037811,0.18075161094691422,0.24400597001382465,1
0.7839558412626361,1.1423204958191953,-0.030020087201218758,0.8967710867237035,1
-0.9749284665215753,0.6740186350309638,-0.21734840337072178,-0.6670221562593089,0
-1.1877777880221327,-0.10755379719374199,0.849768166012175,0.30256550202461,1
0.4232404050622665,0.3096304120723677,0.2646759109707343,-0.2169483876483604,1
0.6031584476022518,-0.7789739935310959,1.4723444233400687,1.618269144257874,1
0.7540484498655124,1.6895638313512065,-0.33524308704651523,1.2559565649272957,1
0.4207099620548923,-1.208063798837209,0.35755977169296743,2.096906333560046,1
0.06734633197933171,0.45769680627268966,-0.6123733214079063,0.22762458135623084,0
-0.5990244602537649,1.6674355974253043,0.10469089122748765,-0.2239506953096415,1
-0.6132392659857943,0.20248585474438469,0.9710728469282651,-1.9616314540385473,1
-1.764388212415757,-1.9138918353708292,1.0980183665232375,0.2885263250566584,0
-1.248800061906883,-1.3719602268569078,-1.8021362486043428,-0.8100915437496293,1
-0.8762040553842474,-0.6974530629007907,0.0053976901197596875,-0.030993470903964745,0
-0.8364730818303079,0.9538224877990039,0.7461950935068428,-0.39473447481485974,0
0.6320258827718676,-0.42158018884243476,0.6765269021084163,1.7769379259069216,1
-1.315539083328109,0.7568428766297198,0.7567996357139768,-1.4468746194480684,0
-0.6045340011624742,-1.382325521625624,0.34785320853805624,0.669397554635547,0
1.3473632572526781,-1.881878264893604,-1.1912599339433017,0.35340578962280084,1
0.24716927580337059,-0.14740265535067784,0.46570522840796014,0.24991253728322427,0
-0.45193797713055156,0.8518231435136114,0.4082146284705995,0.58587666034166,0
0.48655675375493274,-0.13700832676526625,1.3823251252025337,1.1852631728869023,1
0.9284217367700254,-1.1789278119769335,0.23927756399888722,1.59821829252336,1
1.5189975532076516,-0.427462741954462,-0.42051297248100045,-0.020979511450187508,1
2.78688354003036,1.5652608211634809,-0.02140226248392316,1.9004021521043808,1
0.9864891221105119,-1.2025593029844235,1.206707920698982,0.3048250377940555,1
-1.3492152214779396,1.9264282026829629,-0.10169347313926183,-0.21264253245288686,0
-0.2350132075734521,1.6277238927399402,-0.9469271324850502,-0.6964663550800644,0
-0.1670234615497644,-1.3465738821609243,-0.12257255681579024,0.3573392131148102,1
0.9877794050334747,0.8627461124258375,-0.20930249588768415,0.33615065831305985,0
0.09731317581145968,0.719810598176969,0.021305291720441148,-0.06768398967957194,0
-0.7301053832637756,0.12721122628474682,1.553111465129346,-0.2672492679210813,0
-0.19395856554197113,-1.6195963038438246,0.8465284185165892,-0.31497385503864234,0
1.4406755572561245,0.4845757508941894,-0.19451209484659135,0.29644216679092666,1
-1.2194125412825891,0.8989955188954797,-0.8541938349730299,-0.2043587187495984,0
0.6985283965072357,-0.6597737718722848,0.4491672186498623,-0.33677887587967176,1
0.24334054825160223,0.8182832491006613,-2.6701573361936104,-0.4851608402554552,0
-1.0470638310846285,-0.44449678472098353,-0.8672381409261822,-0.9750614327345545,0
0.805632328738139,-0.7943875905046528,0.8016816883681973,-0.8866005138714536,0
0.5567161833020768,-0.3857260545409874,-0.365013488399293,0.09798000508202863,1
-0.5771319642014543,-1.2566520881247283,1.440817571343415,-0.5978555065153852,1
0.11175279662508225,0.704016476572697,-1.3605799551293674,2.0221299041648457,1
-0.1498727443604799,-0.296249949931085,-1.124383435019234,-0.9032120749978217,0
0.11069645873727953,0.27951731027883747,0.31548500102336935,0.7628866513759409,1
0.5699138622341996,0.07894961911417508,-0.12169128279749465,-1.2020749318163886,0
-0.8972424348275307,-0.19716090387705587,-0.398997679221559,-1.341425167713459,0
-0.38134000819026004,0.5798004497615461,1.3012784957666221,0.5233822354176277,1
-0.6938961903134732,0.18042352189362504,0.05283644525091144,-0.48009069957320666,0
-0.9500602884176151,-1.99580674050411,-1.167383272590172,-0.5124126040547753,1
-1.0753424114870602,-1.461207090414151,0.46747749940297495,0.8631924996894293,0
-0.13323666555942507,-1.986842799021589,-1.0219998245901099,0.040900487365010015,1
-1.2638517825073874,-0.1692390311991596,-2.3690686973854755,1.0715544825862398,1
-0.3706073990956962,-1.4219207655750863,-0.4220068205515835,-0.4111514817839486,0
0.7521567877335578,-0.19019033407713182,2.347133267360429,-0.816464247210211,0
0.5510839005429202,-0.19663088873237483,-0.8802142040497396,-0.06889931752773246,0
0.7370120298066652,0.3321900384640964,1.1822868539376734,-2.1883451518160215,0
0.6166059710853375,1.134870433364042,-1.386147586299418,0.7509730528389081,0
-0.20292919535600443,-0.4304591571432722,-0.6055096324273205,0.26452588255679765,0
-0.561193856754237,-1.0294015571895474,-0.23330221627670866,0.5488182115581246,1
-0.1592011351106121,0.5859857469649756,-1.8381225604368436,-0.6672043198707791,0
0.17584334618601408,0.10611501102048719,0.8913623379155011,0.22882726926469757,0
-0.8235523570065376,0.2585139902479955,-1.1849121652104793,0.7799216512261087,1
-0.185867699572772,0.08249705861911172,0.6279904959696847,-1.184168176861988,1
1.759788657046585,-1.2953975781397375,0.7502683399143586,-0.8893825403357783,1
0.10975569649561204,-0.6992417706634323,-0.9689179351086445,1.0310878098142187,1
-0.1611240755684665,1.0355255921251576,-0.001126331042332339,-1.251573335010714,0
-0.3232724031785066,0.20724743358770112,-0.5484210921709498,-1.3198265562452787,0
-0.3247029096862799,-0.8520176231578495,-0.4024055163649489,2.105056676038688,1
0.021879493578169422,-1.640984703079008,0.4838246402550012,0.12859148292793549,1
-1.1422234009075767,0.28593708917183225,-0.15821541853876905,0.4854683823835827,1
-0.44094489511398544,-0.8667529867786615,0.4438136805808988,0.0950776478981356,1
-0.47265615210385314,-0.008952170898309119,1.102846614884068,1.7230014415591102,0
-0.231737643334602,1.7839383262152255,1.81557517603993,-1.3209590139264245,0
0.5077471268437517,-1.5757093687959138,-2.097522210469821,-1.295544779847143,0
-1.0291751584764723,-0.5539912400388446,-0.49408311669556904,-0.15973296840103532,1
-0.580295076563302,-1.435607823999716,-0.7992638887078122,-0.5825726375031476,0
-1.91580995644283,-0.8566571497301138,0.7838862810638182,-1.7095720318793661,0
0.7803265177902463,-1.7655237059307416,-0.27075644323291725,-0.4856080181367959,1
-1.0120601623952072,0.9616944661756972,-1.3347891054550671,-0.6159612857046626,0
-0.35363506961249674,-0.1994493110073345,0.05599429802903806,-0.40017111528456273,1
0.41507909257061393,1.0777918882087478,-0.06185681610149883,1.018370648147712,0
-1.0473692103956596,-0.28324146418872265,-0.9499431688506416,0.5267248092804769,1
0.07159805718793248,-0.4002132900783692,0.7851131950317711,0.43189591533637395,0
0.8874009381219388,2.1746224902904414,-1.2955894703773287,0.2970699815829589,0
0.6176397308517494,-0.039875124598622705,0.8767878435033458,-0.6846257699298213,0
0.7578847509189319,-0.1980608576498089,-0.9170812369482154,-0.9266156712129968,0
0.3457779440265385,0.6482908714259722,-0.6584762261201357,-1.212194881211259,0
-0.29219316598648865,-0.45480246751030423,-0.059294595963077755,-0.08202351473339445,0
1.583145944340532,0.4628290634632656,-0.5123282844920967,-1.2046134779761113,0
-1.7341442021040907,-1.6330904003957163,-1.3108366273545706,1.1239469417406507,1
-0.4414256700558213,1.068416345811552,-0.2045171398381666,1.1859563088269736,1
-0.8013036269173847,0.20181185993554362,-0.7198326137342896,-1.4861336673369039,0
-1.0666438236088722,-0.4246934473359519,-0.0692435880646313,-0.193714943697019,1
0.9671418023385803,-0.3491782524235367,-0.07709445156761753,-1.4864953478920038,0
-0.725700793649984,0.05880937059051245,-0.09379855108892846,0.8720573561670699,1
-1.2644093297691688,0.45528393574098847,-1.1620882760948974,1.1353343472309514,0
-0.2913674240971899,-1.184256194032219,-0.17478271228863318,0.8063566950072104,1
1.1604778636154929,0.9979493784978697,-0.15878620397914114,0.3074864508886442,1
2.108206894510454,-0.4569724361702804,-2.0165240855547255,-0.013206541319445524,1
-0.262976144973828,-0.7715562415499277,2.5984580595423266,2.1121690581878125,1
-2.6883350122402314,-1.298126132827702,2.2292053873060875,-0.8220688484519251,0
-0.0420006895598441,0.11232560697969123,0.3137577505003969,-0.057493385911806326,1
-0.7444012876878279,0.8992632088390794,-0.6488468275867669,0.06623739667965103,1
-0.3157436984051072,1.0826641734248696,-0.3927304338701814,0.12883902352667018,1
-2.425380393447375,-1.5923640940167352,0.15378567527402215,1.2144860802522714,0
-1.2830371606773978,1.9877269442269354,-0.2874251028833325,-0.19642715560046145,0
-0.6107534695708754,1.4786255149828205,-1.2457300244636011,-1.0699093868908716,0
-0.3447743938775945,0.7965694572715452,-0.37412807456720903,-0.8554138189641566,1
-0.9283110943259648,-0.26881239765188203,0.21547232171666786,1.197245166732674,0
1.1588838105818202,-0.6281566542314158,-1.6857390258287674,1.2601727783089796,1
0.1992356152115,-0.7665944871534318,0.8101562272319629,-0.007571843247058074,0
0.8911189727080228,0.4432522356291974,-0.5152848837125963,-2.495148856980765,0
0.014706309581776145,-0.7462938909674833,-2.0429249313130318,-0.2818830296258812,0
-0.10957271828508432,-1.404804458114383,-1.5057154764760736,1.0359867977496666,1
-0.11609152908537432,-0.23403588554449073,0.033853396221027,0.9663966365957116,1
-0.6471975973059273,1.8288190837857299,-0.82743353834864,1.4423730795661158,0
1.820587283988389,-0.5503441841081619,0.7492304496288719,-0.10694376715893253,1
-0.34471690609606487,-0.547647439323724,1.42319024082854,-0.5273562003620685,1
-0.019130940440652097,0.36373350239478236,-1.3380793461260385,0.8724866416729102,1
-0.7723518237685773,-0.25206785223059025,0.05241673666351775,-0.9812649529769226,1
0.4788706499618771,-0.2264414464571568,0.4952036600103036,-0.5166232415134211,1
-1.3363635167358738,-0.2849595188103142,1.3277729762687718,-0.32785446027645887,0
0.3625885322882508,-1.6118077345815591,-0.21988414912473578,-0.2577159610939871,1
0.26660879970074486,0.591876361341874,-0.9499900678131337,0.2726431607380797,1
-2.5272322430885827,-0.1616229725112882,-1.3103926365740286,0.7298552076870922,0
-0.967464108190311,-0.05986411757417734,1.8170742625271352,-0.5143202028847954,0
0.6045843951018172,-1.1830574334852657,-0.5671655322796495,-0.22556632158938225,0
0.4749298466520243,0.4821135600205319,1.2733459141588033,-1.8441106384675854,0
0.24617519591939904,-0.2726720386377244,0.02898952153689917,0.4025410493883152,0
-0.6233987751483284,-0.059100959913429056,1.7710165182887139,0.24759969239366267,0
0.2276079693202996,0.06090965821946173,0.23268272671057255,-0.6168708057037972,1
0.9321180975661906,0.054647322540613844,-1.1576029166947852,-1.986288907445589,0
0.20011418123653754,-1.7077733975754674,-0.14913959184924896,1.7850583635852182,1
-1.585492061175807,-0.12106405932394947,1.0706888818386204,1.2406602044932877,0
-1.7536283106943862,2.487633899422381,-0.899165090996491,0.7889549772737473,0
0.6162854635058733,-1.550612556286301,0.826765469961068,2.3761267367884495,1
-1.3976038741649617,0.07747555312466302,-0.8335283174423836,-0.5911519637287522,0
-0.8970414340537839,-0.11622894069509548,2.1951352809192137,0.4711318860750559,0
2.389832515379272,0.935795004385051,-2.253370876105464,-0.4765380993844194,0
0.18360573935114508,1.6938892242480441,2.063851575520746,1.3595114308241223,1
-0.25627037775631006,0.27967903116338616,0.5660729820417063,-0.12755044843214236,1
-0.011787052627701184,0.45207507869499874,0.20415766331069907,-2.6423893230538775,0
0.22188043239230262,0.24441201489404413,-0.7295383533217216,-0.7410929694567728,1
-1.2489237162238005,-0.5572022922829346,0.8142454542263454,-0.4459127769616586,0
-1.2670658665013699,-1.7996943010595419,1.107811086577768,-1.2680817360531238,0
2.0411446732835987,-0.3072447808755701,0.05942060829800269,2.5876296037294,1
0.46155806521010184,0.37586953286911573,0.9603461479654675,1.910814445541473,1
0.2101456965499299,1.0174361784329484,0.6825232128703371,0.8567638310823517,1
2.0509265764339264,0.5422658737605817,-0.008855361380162416,1.9788088090125133,1
0.36379905615855923,-0.40399504265856095,-1.0220647894349533,0.09215483437375072,0
-0.009778349062403885,1.1830408293375192,0.8497852134691523,-1.314522671412652,0
1.648551407261242,-0.6271321278399368,0.7121641289974135,1.0339618678038172,1
-0.25446370602329643,0.5192062271629072,-0.44646194890630747,0.9280283448492276,1
0.08596943745202575,-1.584142118906616,0.13940169316225196,0.33472473851610046,1
2.1733922058182245,-0.7234834333020328,0.8952208301202311,0.19271185747406336,1
-0.8700548661657881,-0.25420833465804044,-0.49740502247197044,-0.8373594280544916,0
-1.0766483107461782,-0.890698754997248,0.4434136508742026,-0.07077260369930767,0
-0.6898050319310575,-0.13136079780074852,1.3735358881121753,-1.0005525417181815,1
1.846461528899127,1.293849587622718,-0.7803474768220242,0.14382270209477235,1
0.4781687303666874,-0.04356335178031587,0.8423520892755749,0.7438838932240782,1
-0.7208060434303089,1.3884188255163223,-1.0274333991067164,0.2539524158471524,0
-0.38874632597576747,-1.387069222162784,-1.6264002287511667,1.0131793437053862,1
-0.5466777656237862,-0.18834238926041422,2.1992877454222897,-0.21044594417714915,1
-1.6993819913268944,-1.9560715075013797,-0.5044914404180432,0.8431660877299729,1
0.7150799623368471,0.8880436557316651,-3.364854424510049,-1.9979306855253292,0
-1.3863133976271296,0.5596141823190333,-0.5962008311329767,0.7223620575470122,0
0.5407426153900012,-0.7029278620700155,0.6015366790952492,-0.19886276281424664,1
-0.3364399006763145,-0.855648846916269,-0.32344573485859673,2.0872639958460595,0
-0.019148140773239904,0.8029640194915381,0.48633867703347705,0.24560691982161362,0
0.20008737297251233,1.209998943483176,0.5973296735582808,0.0984308756651812,0
-0.101148191662391,0.4156425717240635,-0.3095337302165661,-0.661418586227812,0
-0.9696526152940733,-1.0018008609487814,0.4214813093309923,0.31310115853975734,0
1.266069925990731,-1.354446937007673,1.4727691180341937,0.5108826318683496,1
1.5975555789820728,1.0143799376048137,1.3226762594415529,-0.39548870336115366,0
0.5384516392948542,0.8028089295963369,0.6261326817583455,0.42701290041070217,0
-0.4973213661179534,0.0720893539267228,1.806192991177824,-0.4151245152910022,0
0.702400514075332,0.97517335639078,-0.31883672363980703,-0.17366893845084747,1
-0.37876821360617835,-0.6298307069234446,0.6936471308976083,0.6879799977666116,1
-0.03440753751300042,-0.5659872309134842,1.4142006249555406,-1.0067950401136587,0
-1.5090835880059743,0.27377671821712435,-0.9483893329294006,-0.2663459878888659,0
0.3841992414039187,-1.0692064399839962,-1.1013285218898499,0.6368457688047794,1
1.7598165527106873,1.2460766711578377,0.1191397873247353,0.7935671009609631,1
0.22166579907643982,1.0745128334115917,1.5586977409256293,0.4291925748204616,1
-0.2223349257541199,-0.6080890116311927,1.4004701419240897,-0.6415706704398884,0
-1.3403988436650418,-0.4943807233783017,0.37311542555843824,0.6058334540928398,1
0.7018287175430973,0.875494077729403,-0.535555801241085,-1.0222908034832272,0
-0.46049043573056014,0.23834598729717305,0.5812452989488942,0.10173367379770465,1
-1.2833419143836293,-0.5665498972754125,0.13190504456351837,-1.018869418831577,0
1.1628771085773166,0.8049216735626389,-1.1883867042648784,1.1889006441451473,1
-0.9844899859092503,-0.3499974964838366,0.3322555859559343,0.44488094315659615,1
-0.8879908818511982,-1.798954151311825,-0.8345429962547108,-1.9571672359471208,0
-0.38875104078320577,-0.32423338722718836,0.5146974222525836,-1.161526934663972,0
1.9794676380173517,0.957378513046274,-0.5121666445515823,1.150974898545049,1
1.1987864526774914,0.4000668716425335,0.9910315268953052,0.24684175788331716,1
0.5761422932638195,0.038817481459444,0.2806653592469317,0.7878259037082225,0
0.17583068901763915,-0.27768492920948373,0.8877085932033242,1.3721475562368404,1
1.0711230295203997,0.23603118757397212,1.4876393988766947,-1.3220837640009577,1
-1.034961478885836,0.8625509033266113,-0.5242550330191253,-0.13801550373733315,0
0.35284600493661994,-0.23023435965176534,0.3545482407522677,-2.082989784560339,0
1.1896449105437936,1.2195752596508858,-0.5338427868478914,0.3826588728071683,0
-0.6934705165246028,1.3074890423636198,1.1946127092126595,0.17492649829125106,0
-0.07069986841224499,0.8907221011855992,0.36868635127070043,-1.6996703261511124,0
0.14351544422063375,0.5600187779938117,1.5104387364145238,0.43011995650191065,0
-0.8735777717053758,-0.5562538025697978,-0.6044097070269416,-0.5076147162603263,0
0.6702657079994674,0.3197937203283646,1.3918560983720754,0.9617505759653013,1
0.2247461847380678,-0.629676969109655,-0.015551434074830445,0.580532743076279,1
0.9074279074278236,0.3405244274798677,0.16373113119493213,0.22615137283158962,1
0.8188755855573112,0.5078956342609589,-0.558498593853881,0.42681494995064373,1
-0.29362333748799463,0.19795878448757445,-0.7671275458295023,-1.289565619882858,0
-0.17067973185118818,0.05973613099499067,1.1008618025737342,0.02961793724607462,0
1.4259119668795917,2.78923428445929,0.5916909458168863,-0.9308887404846617,0
-0.2542030295983189,1.3908708326395927,0.48096152744473963,-0.32602928373665985,0
0.4916537696403945,-0.43969209375419077,-0.5763245933475539,-0.6840301706610776,0
-0.5138325858004138,-1.149594057250782,-0.6319439703289617,0.3988920952128997,1
1.320869504406847,-1.0971695895339824,0.801304980811235,-1.4145203168488913,0
2.0245393759971533,-0.9828316758799615,-0.9273369649177531,-1.0284032141040893,1
-0.6002096530965149,-0.19062839600690334,1.9717115904862228,0.2028361325664614,1
2.0104805551659357,-1.0047889771836707,0.19204528845491664,0.22903759949876207,1
2.0777371863861713,-0.7714892302306345,-0.5282138723021279,-0.6551801948828677,1
0.5505104050645199,0.06551194121550176,0.6879125069707801,1.3565322779221363,1
0.11869992883657497,0.32103347266350685,1.440935432809599,-0.01972221039359177,0
-0.032913205888026424,-1.99715721324153,-0.8383068479651395,0.12556181106713513,1
0.5867672379249851,0.06591439049812947,0.2404006277011013,-3.114882172328539,0
0.8546546807838072,-0.13143519267383869,-0.4098123335146668,-1.6639087866356765,0
-2.7279534244916457,1.183858396094052,-0.10240987259725678,-0.8526963052451931,0
-0.5908597063897405,-1.0937739996856906,0.6928079093723899,0.705640357692308,0
0.5587342272573013,-1.5528024272403684,-0.31320290993130684,0.199473047488587,1
1.206698988066053,-0.9744377328805072,0.08104212484412593,-1.0660293796402847,0
1.4233296345629631,-1.6212503224658157,-0.4444085187010789,1.1734535973394318,1
0.4591975806379702,0.1975836101912852,1.7534822193619783,0.06757799504249305,1
-0.9378453260398278,0.21456887117885173,0.7367488923172955,-0.8604109618572866,0
-0.39344528123518074,-0.057715802468602626,1.6609523205828618,1.9671145777455756,1
-1.3271445458679973,-0.28198510820262385,-0.5586476594581353,-0.7668064723053769,1
-0.6798231237573958,-0.37080892211440897,-1.1722992723613954,-0.14999937824081888,1
1.006202524785382,-1.6319504966795173,-0.8183806626856645,1.423698170672601,1
-0.5145375766003633,0.8583289681093946,0.5807922582147781,1.4768342953162525,1
0.7645064761219185,-0.5734883542611513,0.7405904009646509,0.4106084362831761,1
-0.3521394617714205,-1.171578436456428,1.5595375516371195,-0.8990495498436586,1
-0.3508745702604304,0.36121196029187225,-1.596956390193172,-0.13238428819059772,1
0.8290080461900352,0.231947288719384,0.4220101890129476,0.542115162207966,1
0.25386353572681325,-0.923578986122005,-0.4855386509930959,0.83650660237311,0
-1.234088940774138,0.30499299805456725,2.3199712241411286,1.6749199845715086,1
-2.0984567134087007,1.1235469788140777,-2.050248609269668,-0.31390017775691265,1
0.5477626193982702,-0.5416404546147855,0.5775585264821262,0.5724028017005207,1
2.477431098942627,0.2265176603425991,1.0766818653821104,-0.7462625862215422,0
-1.5393794336040172,1.3700828473202085,-1.2027385682233032,-2.1773103701499306,0
1.3549275784363224,2.5397309104020334,0.23459357472807188,-0.3030492530679274,1
0.37695529045448284,2.5233516554391913,1.2236828124592702,0.39757842210851685,0
-1.1084998353296636,-1.1697370573168884,0.2230949698522414,-0.2607681263409021,1
1.0986461310607007,-1.4932285075139375,-1.7869095364941985,0.7305891532470926,1
-0.9458054284718242,-1.0284855865884852,-1.8303282160542507,1.165464549623838,0
1.7285418650122994,-1.7038630065791718,1.243769858251224,-1.0608277554562868,1
1.1170819629167026,-2.276577494103258,-0.8246863017880562,-0.527748815063026,1
-1.1156641392520255,1.088591508418879,1.301811661632487,1.4037247650247624,0
-1.6243911593104168,0.02745092553144489,0.4720213368582999,-0.25714972600607444,0
-0.007081900554582212,1.9673885734750867,0.9614819872047986,-1.6797568365364242,0
0.6092581004948214,-0.495448737909616,-0.9914348521954046,0.1479257524399657,1
-0.5125903804925592,0.35605333490233426,0.32114265855334195,-0.039917346098662834,0
-0.8094295073808813,0.40069772013432803,0.07161875662900986,1.106134307018821,0
0.9747640741288992,-0.028426476529401425,0.38021860428622,-1.4280416273751873,0
-1.8325548676696581,-0.09540296867810143,0.40048756353644843,-1.4351715656497694,0
-1.8624713822139418,-1.5127364032065238,0.7044471619731536,1.3104464886028702,1
1.3086238407554946,-0.688873845739448,-0.37753452756246103,-1.7190704034882582,1
-1.280407473349808,-0.4244510117948419,-1.0562969570835918,0.4384497022524828,0
0.2687140488136313,0.8105235517193635,1.5480960303141875,-2.1150749651900767,0
-1.7625028782910324,0.011355033569054311,-0.43233725553370006,-0.4289876758149944,0
1.4816957748750246,-0.7000065795851147,-0.9630667268862889,1.7634424425025126,1
-1.9216298931185025,-1.836187639880056,-1.5747026776340058,0.05591152342122607,1
0.12854404808459063,0.6739947335596,1.9432372860221376,0.4380926174634738,0
-0.3866606877232619,-0.8684151484831735,0.370951372607993,-0.36760698878056264,1
0.014480980682541219,-0.31211423591181964,-0.47210865101436816,1.0270493022639227,1
1.2403489531379546,0.580244981838863,0.9101319138122417,0.6133964784705924,1
-0.8392146468283281,-1.8701928761986641,-0.9008022795738482,-0.8055515678812055,0
-1.1610014397072974,0.6493229318666861,-0.2948538219469514,0.5621313110984443,0
-0.430044196954373,-1.7947962956458154,1.133301297243282,0.6337400891270931,1
-1.986869956458423,-0.08953550726801174,-1.4782931178470309,0.9547249168215663,0
2.2224420182113445,1.342528246525145,-0.21375656633062337,-0.5234086925225475,1
-1.5077830671837145,-0.21218064736806636,-0.2772172254882834,1.0086019802593622,0
-0.2873130065782398,1.0398424123146344,-0.35148023150591234,-2.3203271005437895,0
1.6889573184982365,-0.41743048321916326,-0.7871186084227404,-0.37986972813946535,0
-1.6025826172452486,2.505850943817933,-0.6100451270186366,-0.04532558827060903,0
-0.27520135754986874,-0.17995009211782673,0.688167268557945,-1.7935795437334594,0
-0.06774376509949602,-0.5751839270251633,0.2695292426692858,-0.4064153720364335,0
0.1941215909524722,0.37758168521225566,-0.19109926602809146,0.9729843622758441,1
-1.605355222464288,0.5941439011889377,-1.5898885182215117,0.48944240275478623,0
-0.19960605259616776,-0.7448950813382577,0.8116625578650027,-0.808683222478344,1
-0.5143184830668502,1.3734486341737169,-0.8796208251700207,0.8560227065364329,0
1.7339892249195998,1.9696399486956455,-1.54851116370541,-1.8886174300557583,0
1.7642132682497007,-0.5034932571207981,-1.0756864927608145,-0.12563722928701598,1
-1.1198097109010572,-0.1440084839564996,-1.145705530189292,0.5675898580928433,1
1.0123076612879702,-2.201470118518856,0.6519614737183457,0.5703782347654542,1
-2.6074466838577535,1.134845048899534,-0.046196688730837335,-0.48958253846499705,0
-0.42526853602012077,0.025141656738833413,-1.0036893585700213,1.0206883074519395,1
0.20437160592678288,-0.5888567849523948,-0.21620646645527955,-0.2221911798044332,1
0.21970574392415684,-0.0596407308181139,-1.3645781072367071,0.6806096982899692,0
0.41687699876370027,-1.5398195378520512,-0.528515365651442,-0.20946960143484736,0
1.1926203077333126,-3.014096857262813,0.8756459384624004,-0.6497951938643645,1
1.9524129785834237,0.10383038304938091,2.3483652117142326,0.6978769752895924,1
2.165975757961997,-0.1710981193992899,-0.4145501026889506,-0.13070337737009585,0
0.9563985353722206,-0.1509722814490819,-2.8235537893779568,0.5287390377871968,1
1.078357880616056,0.7630007720934637,0.48563970733568723,-0.83253631397945,0
-1.6628861274581253,-0.8343421267757176,0.30445878290046924,-0.9992006796491335,1
0.42111002865038816,-1.5122231259765055,-0.32939876587665673,0.5921503964947141,1
2.435858005874832,1.543541103803196,0.31027880204765124,-1.1474820071139444,0
1.023050464998108,-0.2174840573399455,-0.012140407629979996,-1.2904866823275625,0
0.11824380811651324,0.29788774966027987,1.8230008755292708,0.18126891938980927,0
0.816565228207352,-0.27030644081139715,1.0451930156744866,1.6869936036752522,0
0.2990338345068921,-0.664454216637658,0.13961890939908295,0.042769809142807036,1
1.2203232365691505,0.13920769804204752,-0.6854389163688195,0.12311233174483108,1
0.5783390862031069,1.3716305910358575,2.260777415937468,-0.10682227248828642,0
-1.0317256923072007,1.1111306308821984,2.1964521033986233,1.2582497492764473,1
-0.07100182202732051,-0.45440043387153467,-1.0857291325768075,-1.2010183819712006,1
-2.04955246231084,0.6626380868335771,-0.6226842276013665,0.3773376695935176,0
0.8658915680354763,-0.6926804845531275,-0.9735841242867195,-0.8382275553758667,0
-0.6152184652722679,0.31610464402378835,0.332898250914949,-0.9834241902095028,0
0.7660120399640815,2.386697462025544,-0.5520624667020677,-0.18806836961820378,0
-0.12782207556121578,-0.46745691054780986,0.9707844410630251,-0.8525638168692214,0
-1.1823824562396255,-2.346887798060745,-1.2235921745379352,-1.3701006614749192,1
1.3726496975797937,-0.18708439205918567,-0.95067024752871,-0.04726202581831778,0
-1.320419102795371,-0.9118633007008417,-0.9940727086140756,0.35551995290314875,1
-0.7890694943470477,-0.04100472955872315,-0.7300531502859515,-0.34924439521797623,1
0.5047864057024571,-0.5739928096970353,0.8262548348336961,-0.29323942654143753,1
-1.3579586809643922,-0.9212175659062607,1.8585361812400258,0.4859441783730562,1
-0.5130778431351979,-0.9678899572238816,-0.34285761635314727,-0.3419227498043841,1
1.0686142911758112,0.38539201256915867,0.7728321315927904,-0.06141760909203708,1
